metodo,nodos,num_de_instancia,tiempo_s,memoria_pico_MB,iteraciones,valor_objetivo
HookeJeeves,10,1,0.01876378059387207,157.47265625,40,21183.327405013923
Weiszfeld1,10,1,0.00406646728515625,157.59765625,192,21183.327405013966
Descenso,10,1,0.004449367523193359,157.84765625,68,21183.327405013926
HookeJeeves,10,2,0.008257150650024414,157.84765625,20,25328.635318772616
Weiszfeld1,10,2,0.001967191696166992,157.84765625,100,25328.63531877263
Descenso,10,2,0.0037527084350585938,157.84765625,88,25328.63531877262
HookeJeeves,10,3,0.01669478416442871,157.84765625,36,12532.560083148306
Weiszfeld1,10,3,0.00299072265625,157.84765625,160,12532.560082088825
Descenso,10,3,0.010988712310791016,157.84765625,116,12532.560113930142
HookeJeeves,10,4,0.014730691909790039,157.84765625,40,17015.655924038638
Weiszfeld1,10,4,0.003816366195678711,157.84765625,200,17015.655924038663
Descenso,10,4,0.004828691482543945,157.84765625,96,17015.655924038634
HookeJeeves,10,5,0.01956486701965332,157.84765625,44,16616.478603654745
Weiszfeld1,10,5,0.00548243522644043,157.84765625,304,16616.4786036548
Descenso,10,5,0.00571751594543457,157.84765625,120,16616.478603654756
HookeJeeves,10,6,0.016475200653076172,157.84765625,36,19024.83591443008
Weiszfeld1,10,6,0.003357410430908203,157.84765625,184,19024.83591443012
Descenso,10,6,0.004194736480712891,157.84765625,88,19024.835914430092
HookeJeeves,10,7,0.009105920791625977,157.84765625,24,18951.775429145066
Weiszfeld1,10,7,0.0027484893798828125,157.84765625,116,18951.77542914508
Descenso,10,7,0.002474546432495117,157.84765625,52,18951.775429145066
HookeJeeves,10,8,0.018159151077270508,157.84765625,48,20196.955714045358
Weiszfeld1,10,8,0.004762887954711914,157.84765625,260,20196.95571404541
Descenso,10,8,0.004146099090576172,157.84765625,100,20196.95571404537
HookeJeeves,10,9,0.016192913055419922,157.84765625,36,18240.685229749855
Weiszfeld1,10,9,0.009601593017578125,157.84765625,524,18240.68522975045
Descenso,10,9,0.01150965690612793,157.84765625,212,18240.6852297499
HookeJeeves,10,10,0.019306659698486328,157.84765625,40,20675.444260942022
Weiszfeld1,10,10,0.004704952239990234,157.84765625,252,20675.4442585753
Descenso,10,10,0.012537717819213867,157.84765625,136,20675.44427708257
HookeJeeves,10,11,0.01887202262878418,157.84765625,32,19705.63687721273
Weiszfeld1,10,11,0.004825115203857422,157.84765625,272,19705.636877164383
Descenso,10,11,0.013211965560913086,157.84765625,136,19705.636884805794
HookeJeeves,10,12,0.013161420822143555,157.84765625,32,17932.312372725428
Weiszfeld1,10,12,0.0028362274169921875,157.84765625,156,17932.312372725468
Descenso,10,12,0.0043904781341552734,157.84765625,88,17932.31237272543
HookeJeeves,10,13,0.01063084602355957,157.84765625,24,9393.587783921366
Weiszfeld1,10,13,0.0011801719665527344,157.84765625,112,9393.587774748086
Descenso,10,13,0.006370067596435547,157.84765625,56,9393.587788706836
HookeJeeves,10,14,0.011266708374023438,157.84765625,28,19416.408124130627
Weiszfeld1,10,14,0.0030367374420166016,157.84765625,152,19416.408124130634
Descenso,10,14,0.0038640499114990234,157.84765625,84,19416.408124130638
HookeJeeves,10,15,0.007648468017578125,157.84765625,20,19635.735546528507
Weiszfeld1,10,15,0.0031998157501220703,157.84765625,148,19635.735546528533
Descenso,10,15,0.0023446083068847656,157.84765625,48,19635.73554652851
HookeJeeves,10,16,0.011414051055908203,157.84765625,28,16885.179706956056
Weiszfeld1,10,16,0.003202199935913086,157.84765625,176,16885.179706956093
Descenso,10,16,0.004216432571411133,157.84765625,84,16885.179706956067
HookeJeeves,10,17,0.021870136260986328,157.84765625,39,15210.720851281232
Weiszfeld1,10,17,0.03383660316467285,157.84765625,1452,15210.72085133563
Descenso,10,17,0.0510859489440918,157.84765625,555,15210.720851299131
HookeJeeves,10,18,0.02639031410217285,157.97265625,39,16087.799173443516
Weiszfeld1,10,18,0.004178047180175781,157.97265625,224,16087.79917113788
Descenso,10,18,0.014514446258544922,157.97265625,148,16087.799191270346
HookeJeeves,10,19,0.0111236572265625,157.97265625,28,20911.97426264431
Weiszfeld1,10,19,0.002417325973510742,157.97265625,124,20911.97426264433
Descenso,10,19,0.0027980804443359375,157.97265625,68,20911.974262644315
HookeJeeves,10,20,0.007612705230712891,157.97265625,20,18101.43250318041
Weiszfeld1,10,20,0.0037004947662353516,157.97265625,168,18101.432503180436
Descenso,10,20,0.002526521682739258,157.97265625,64,18101.432503180415
HookeJeeves,10,21,0.01540684700012207,157.97265625,32,14043.703440589672
Weiszfeld1,10,21,0.0014324188232421875,157.97265625,144,14043.703440066602
Descenso,10,21,0.007033109664916992,157.97265625,72,14043.703444451548
HookeJeeves,10,22,0.012734413146972656,157.97265625,32,16918.354000311785
Weiszfeld1,10,22,0.002384185791015625,157.97265625,124,16918.354000311803
Descenso,10,22,0.003026723861694336,157.97265625,60,16918.354000311792
HookeJeeves,10,23,0.013746023178100586,157.97265625,28,13439.536400704628
Weiszfeld1,10,23,0.006433725357055664,157.97265625,356,13439.5364007047
Descenso,10,23,0.0055387020111083984,157.97265625,132,13439.536400704636
HookeJeeves,10,24,0.011887073516845703,157.97265625,28,20553.683487964325
Weiszfeld1,10,24,0.002271890640258789,157.97265625,120,20553.683487964336
Descenso,10,24,0.0028219223022460938,157.97265625,72,20553.683487964332
HookeJeeves,10,25,0.002024412155151367,157.97265625,4,11299.093240573085
Weiszfeld1,10,25,0.00020384788513183594,157.97265625,8,11299.093240573085
Descenso,10,25,0.0009191036224365234,157.97265625,8,11299.093247725123
HookeJeeves,10,26,0.012112140655517578,157.97265625,28,19757.579098947
Weiszfeld1,10,26,0.0026700496673583984,157.97265625,112,19757.57909894703
Descenso,10,26,0.0026612281799316406,157.97265625,60,19757.579098947
HookeJeeves,10,27,0.018071889877319336,157.97265625,36,14248.59367404889
Weiszfeld1,10,27,0.0021135807037353516,157.97265625,100,14248.59365867471
Descenso,10,27,0.00887155532836914,157.97265625,84,14248.593670820319
HookeJeeves,10,28,0.016172409057617188,157.97265625,36,21253.075107432975
Weiszfeld1,10,28,0.006159782409667969,157.97265625,348,21253.075107433015
Descenso,10,28,0.005087137222290039,157.97265625,152,21253.07510743298
HookeJeeves,10,29,0.010190248489379883,157.97265625,28,28637.589194105207
Weiszfeld1,10,29,0.0039098262786865234,157.97265625,172,28637.589194105236
Descenso,10,29,0.0036649703979492188,157.97265625,84,28637.58919410521
HookeJeeves,10,30,0.010907411575317383,157.97265625,24,25349.644431341698
Weiszfeld1,10,30,0.0022139549255371094,157.97265625,108,25349.644431341716
Descenso,10,30,0.0030672550201416016,157.97265625,76,25349.6444313417
HookeJeeves,50,1,0.011470794677734375,157.97265625,24,2279779.262877692
Weiszfeld1,50,1,0.0027446746826171875,157.97265625,144,2279779.2628776925
Descenso,50,1,0.0051004886627197266,157.97265625,64,2279779.262877692
HookeJeeves,50,2,0.01199483871459961,157.97265625,28,2592633.608079214
Weiszfeld1,50,2,0.0024535655975341797,157.97265625,120,2592633.608079214
Descenso,50,2,0.006356716156005859,157.97265625,84,2592633.608079214
HookeJeeves,50,3,0.011242389678955078,157.97265625,24,2743930.120426708
Weiszfeld1,50,3,0.0033555030822753906,157.97265625,140,2743930.120426709
Descenso,50,3,0.003947019577026367,157.97265625,64,2743930.1204267084
HookeJeeves,50,4,0.011061429977416992,157.97265625,24,2055291.2907975866
Weiszfeld1,50,4,0.003353595733642578,157.97265625,152,2055291.290797587
Descenso,50,4,0.0068798065185546875,157.97265625,64,2055291.2907975875
HookeJeeves,50,5,0.013283729553222656,157.97265625,28,2627865.8796377443
Weiszfeld1,50,5,0.002900362014770508,157.97265625,120,2627865.8796377447
Descenso,50,5,0.006294727325439453,157.97265625,76,2627865.879637745
HookeJeeves,50,6,0.012012243270874023,157.97265625,28,2448445.6296489416
Weiszfeld1,50,6,0.0028934478759765625,157.97265625,132,2448445.6296489425
Descenso,50,6,0.007850408554077148,157.97265625,76,2448445.6296489425
HookeJeeves,50,7,0.013438224792480469,157.97265625,24,2526699.1430210383
Weiszfeld1,50,7,0.002460002899169922,157.97265625,120,2526699.1430210387
Descenso,50,7,0.005017518997192383,157.97265625,60,2526699.143021038
HookeJeeves,50,8,0.011110544204711914,157.97265625,24,2417711.2033069488
Weiszfeld1,50,8,0.0022246837615966797,157.97265625,112,2417711.203306949
Descenso,50,8,0.00513458251953125,157.97265625,68,2417711.203306949
HookeJeeves,50,9,0.009355783462524414,157.97265625,24,2633101.9065471133
Weiszfeld1,50,9,0.0026259422302246094,157.97265625,136,2633101.9065471133
Descenso,50,9,0.0037145614624023438,157.97265625,60,2633101.9065471133
HookeJeeves,50,10,0.008249759674072266,157.97265625,20,2565558.6268732483
Weiszfeld1,50,10,0.0027844905853271484,157.97265625,128,2565558.626873249
Descenso,50,10,0.0033659934997558594,157.97265625,48,2565558.6268732497
HookeJeeves,50,11,0.014749765396118164,157.97265625,28,2388261.6106276903
Weiszfeld1,50,11,0.0032176971435546875,157.97265625,148,2388261.6106199627
Descenso,50,11,0.018728971481323242,157.97265625,114,2388261.610721292
HookeJeeves,50,12,0.019071102142333984,157.97265625,40,2256394.097478021
Weiszfeld1,50,12,0.003004789352416992,157.97265625,144,2256394.097478022
Descenso,50,12,0.005438327789306641,157.97265625,72,2256394.0974780223
HookeJeeves,50,13,0.013821601867675781,157.97265625,32,2448041.514556688
Weiszfeld1,50,13,0.0036056041717529297,157.97265625,192,2448041.5145566887
Descenso,50,13,0.0053517818450927734,157.97265625,84,2448041.5145566883
HookeJeeves,50,14,0.010737180709838867,157.97265625,24,2062136.194119851
Weiszfeld1,50,14,0.00244140625,157.97265625,124,2062136.1941198513
Descenso,50,14,0.0044062137603759766,157.97265625,64,2062136.1941198513
HookeJeeves,50,15,0.010815858840942383,157.97265625,28,2137718.3030417855
Weiszfeld1,50,15,0.0028564929962158203,157.97265625,128,2137718.303041786
Descenso,50,15,0.005696773529052734,157.97265625,84,2137718.3030417864
HookeJeeves,50,16,0.011748075485229492,157.97265625,24,2464135.025359921
Weiszfeld1,50,16,0.002465486526489258,157.97265625,128,2464135.025359922
Descenso,50,16,0.004450798034667969,157.97265625,60,2464135.0253599216
HookeJeeves,50,17,0.012764692306518555,157.97265625,28,2247286.0269141174
Weiszfeld1,50,17,0.004759073257446289,157.97265625,128,2247286.0269141174
Descenso,50,17,0.00426793098449707,157.97265625,64,2247286.026914118
HookeJeeves,50,18,0.00919651985168457,157.97265625,20,2439744.1567464177
Weiszfeld1,50,18,0.00258636474609375,157.97265625,112,2439744.1567464187
Descenso,50,18,0.005287885665893555,157.97265625,80,2439744.156746419
HookeJeeves,50,19,0.010137081146240234,157.97265625,24,2572736.9827813306
Weiszfeld1,50,19,0.0023615360260009766,157.97265625,116,2572736.9827813315
Descenso,50,19,0.004203319549560547,157.97265625,60,2572736.982781332
HookeJeeves,50,20,0.014458179473876953,157.97265625,32,2816120.6675339984
Weiszfeld1,50,20,0.0037546157836914062,157.97265625,160,2816120.6675339993
Descenso,50,20,0.0054471492767333984,157.97265625,80,2816120.667533999
HookeJeeves,50,21,0.020389080047607422,157.97265625,30,2528048.908996065
Weiszfeld1,50,21,0.003565549850463867,158.09765625,156,2528048.9089960656
Descenso,50,21,0.011257648468017578,158.09765625,72,2528048.9089960656
HookeJeeves,50,22,0.022812366485595703,158.09765625,30,2320521.2035473934
Weiszfeld1,50,22,0.004719734191894531,158.09765625,200,2320521.2035473934
Descenso,50,22,0.005524873733520508,158.09765625,92,2320521.203547393
HookeJeeves,50,23,0.016915559768676758,158.09765625,36,1937809.8006977006
Weiszfeld1,50,23,0.004896879196166992,158.09765625,256,1937809.8006977015
Descenso,50,23,0.007395029067993164,158.22265625,112,1937809.8006977008
HookeJeeves,50,24,0.01001882553100586,158.22265625,20,1976850.3430149953
Weiszfeld1,50,24,0.003517627716064453,158.22265625,180,1976850.3430149958
Descenso,50,24,0.0037910938262939453,158.22265625,60,1976850.3430149956
HookeJeeves,50,25,0.010496854782104492,158.22265625,24,1922732.9148252585
Weiszfeld1,50,25,0.002693653106689453,158.22265625,112,1922732.9148252588
Descenso,50,25,0.0023756027221679688,158.22265625,45,1922732.9148252583
HookeJeeves,50,26,0.0067293643951416016,158.22265625,16,2644447.6587069533
Weiszfeld1,50,26,0.002475738525390625,158.22265625,128,2644447.6587069537
Descenso,50,26,0.005755186080932617,158.22265625,88,2644447.6587069537
HookeJeeves,50,27,0.011962890625,158.22265625,28,2786829.5475648427
Weiszfeld1,50,27,0.002483367919921875,158.22265625,128,2786829.5475648437
Descenso,50,27,0.005746603012084961,158.22265625,80,2786829.5475648437
HookeJeeves,50,28,0.007953166961669922,158.22265625,16,1965087.7649915786
Weiszfeld1,50,28,0.002368450164794922,158.34765625,120,1965087.7649915786
Descenso,50,28,0.005177736282348633,158.34765625,72,1965087.7649915786
HookeJeeves,50,29,0.011822700500488281,158.34765625,24,2987896.0912355934
Weiszfeld1,50,29,0.0028896331787109375,158.34765625,140,2987896.091235594
Descenso,50,29,0.005656242370605469,158.34765625,84,2987896.091235594
HookeJeeves,50,30,0.01660943031311035,158.34765625,24,2010829.1714950793
Weiszfeld1,50,30,0.0023953914642333984,158.34765625,116,2010829.1714950798
Descenso,50,30,0.003476381301879883,158.34765625,48,2010829.1714950798
HookeJeeves,100,1,0.012958049774169922,158.34765625,24,17321902.06252862
Weiszfeld1,100,1,0.0025985240936279297,158.34765625,120,17321902.062528633
Descenso,100,1,0.010241270065307617,158.59765625,64,17321902.062528625
HookeJeeves,100,2,0.010285615921020508,158.59765625,20,17402699.17170751
Weiszfeld1,100,2,0.003546476364135742,158.59765625,144,17402699.17170751
Descenso,100,2,0.015427827835083008,158.59765625,100,17402699.17170751
HookeJeeves,100,3,0.027080059051513672,158.59765625,33,19929051.50693577
Weiszfeld1,100,3,0.003548860549926758,158.59765625,148,19929051.506935775
Descenso,100,3,0.01869654655456543,158.59765625,76,19929051.50693578
HookeJeeves,100,4,0.013484001159667969,158.59765625,24,18657295.440226093
Weiszfeld1,100,4,0.0028328895568847656,158.59765625,132,18657295.440226104
Descenso,100,4,0.010969161987304688,158.59765625,72,18657295.4402261
HookeJeeves,100,5,0.012407541275024414,158.59765625,24,18821675.413453035
Weiszfeld1,100,5,0.0027959346771240234,158.59765625,128,18821675.41345304
Descenso,100,5,0.011673212051391602,158.59765625,76,18821675.413453043
HookeJeeves,100,6,0.015897750854492188,158.59765625,32,19487090.417361215
Weiszfeld1,100,6,0.0022592544555664062,158.59765625,100,19487090.417361222
Descenso,100,6,0.008784770965576172,158.59765625,60,19487090.41736122
HookeJeeves,100,7,0.016529560089111328,158.59765625,28,23024918.686071273
Weiszfeld1,100,7,0.002778768539428711,158.59765625,120,23024918.68607128
Descenso,100,7,0.013042449951171875,158.59765625,80,23024918.686071273
HookeJeeves,100,8,0.009475231170654297,158.59765625,20,19642414.896190427
Weiszfeld1,100,8,0.004313230514526367,158.59765625,144,19642414.896190435
Descenso,100,8,0.015108823776245117,158.59765625,100,19642414.896190435
HookeJeeves,100,9,0.016562223434448242,158.59765625,32,22063000.048698653
Weiszfeld1,100,9,0.003228902816772461,158.59765625,148,22063000.04869866
Descenso,100,9,0.011730432510375977,158.59765625,76,22063000.048698664
HookeJeeves,100,10,0.016199111938476562,158.59765625,28,17980748.208795745
Weiszfeld1,100,10,0.0038514137268066406,158.59765625,124,17980748.208795752
Descenso,100,10,0.011781930923461914,158.59765625,72,17980748.208795752
HookeJeeves,100,11,0.014130353927612305,158.59765625,28,20176509.08593121
Weiszfeld1,100,11,0.0042896270751953125,158.59765625,148,20176509.085931223
Descenso,100,11,0.010538101196289062,158.59765625,64,20176509.08593123
HookeJeeves,100,12,0.010197877883911133,158.59765625,20,19611600.333816797
Weiszfeld1,100,12,0.003094911575317383,158.59765625,124,19611600.333816804
Descenso,100,12,0.011567115783691406,158.59765625,72,19611600.3338168
HookeJeeves,100,13,0.008693695068359375,158.59765625,16,19268061.31709015
Weiszfeld1,100,13,0.004314899444580078,158.59765625,196,19268061.317090154
Descenso,100,13,0.010360240936279297,158.59765625,68,19268061.317090154
HookeJeeves,100,14,0.008367776870727539,158.59765625,16,15720007.473836744
Weiszfeld1,100,14,0.002898693084716797,158.59765625,132,15720007.473836748
Descenso,100,14,0.012035131454467773,158.59765625,68,15720007.473836754
HookeJeeves,100,15,0.012471437454223633,158.59765625,24,19546336.349862058
Weiszfeld1,100,15,0.0024988651275634766,158.59765625,116,19546336.349862065
Descenso,100,15,0.005544424057006836,158.59765625,32,19546336.34986206
HookeJeeves,100,16,0.012160539627075195,158.59765625,24,21449953.01608826
Weiszfeld1,100,16,0.002486705780029297,158.59765625,112,21449953.016088262
Descenso,100,16,0.008095026016235352,158.59765625,48,21449953.016088262
HookeJeeves,100,17,0.013576984405517578,158.59765625,24,18657399.0553526
Weiszfeld1,100,17,0.003107309341430664,158.59765625,140,18657399.055352606
Descenso,100,17,0.013029336929321289,158.59765625,84,18657399.055352602
HookeJeeves,100,18,0.01060795783996582,158.59765625,20,18558805.847205803
Weiszfeld1,100,18,0.0025146007537841797,158.59765625,112,18558805.847205807
Descenso,100,18,0.009109973907470703,158.59765625,64,18558805.847205807
HookeJeeves,100,19,0.013081073760986328,158.59765625,24,19660345.193207897
Weiszfeld1,100,19,0.0030219554901123047,158.59765625,128,19660345.1932079
Descenso,100,19,0.013886451721191406,158.59765625,80,19660345.193207897
HookeJeeves,100,20,0.029985427856445312,158.59765625,36,19338587.081279173
Weiszfeld1,100,20,0.004801273345947266,158.59765625,232,19338587.081272364
Descenso,100,20,0.03324413299560547,158.59765625,102,19338587.081607122
HookeJeeves,100,21,0.012305736541748047,158.59765625,24,20067596.085419234
Weiszfeld1,100,21,0.0028340816497802734,158.59765625,128,20067596.08541924
Descenso,100,21,0.012910604476928711,158.59765625,76,20067596.08541925
HookeJeeves,100,22,0.0068166255950927734,158.59765625,16,16901649.04495933
Weiszfeld1,100,22,0.0026264190673828125,158.59765625,120,16901649.044959333
Descenso,100,22,0.006585121154785156,158.59765625,40,16901649.044959337
HookeJeeves,100,23,0.023030996322631836,158.59765625,30,18871386.203763
Weiszfeld1,100,23,0.0033559799194335938,158.59765625,156,18871386.203763004
Descenso,100,23,0.012827634811401367,158.59765625,80,18871386.203763004
HookeJeeves,100,24,0.009725570678710938,158.59765625,20,19694618.864373174
Weiszfeld1,100,24,0.0028181076049804688,158.59765625,124,19694618.864373177
Descenso,100,24,0.007399559020996094,158.59765625,36,19694618.864373177
HookeJeeves,100,25,0.01500082015991211,158.59765625,28,18876429.20334249
Weiszfeld1,100,25,0.0050313472747802734,158.59765625,156,18876429.203342497
Descenso,100,25,0.02716970443725586,158.59765625,60,18876429.203342497
HookeJeeves,100,26,0.011386394500732422,158.59765625,20,16143285.153625647
Weiszfeld1,100,26,0.002596139907836914,158.59765625,116,16143285.15362565
Descenso,100,26,0.01244497299194336,158.59765625,80,16143285.15362565
HookeJeeves,100,27,0.013575077056884766,158.59765625,24,19630193.724168617
Weiszfeld1,100,27,0.0031981468200683594,158.59765625,128,19630193.724168625
Descenso,100,27,0.014140129089355469,158.59765625,92,19630193.72416862
HookeJeeves,100,28,0.0184938907623291,158.59765625,32,19657062.069042917
Weiszfeld1,100,28,0.004792928695678711,158.59765625,176,19657062.06904292
Descenso,100,28,0.015334606170654297,158.59765625,96,19657062.06904293
HookeJeeves,100,29,0.01616525650024414,158.59765625,28,18409320.818899136
Weiszfeld1,100,29,0.0032410621643066406,158.59765625,140,18409320.818899143
Descenso,100,29,0.012930154800415039,158.59765625,84,18409320.818899136
HookeJeeves,100,30,0.012529373168945312,158.59765625,24,16713741.621605169
Weiszfeld1,100,30,0.002788066864013672,158.59765625,108,16713741.621605173
Descenso,100,30,0.0090179443359375,158.59765625,52,16713741.621605182
HookeJeeves,250,1,0.03745079040527344,158.59765625,39,315473861.921486
Weiszfeld1,250,1,0.0033130645751953125,158.59765625,128,315473861.9214861
Descenso,250,1,0.016401052474975586,161.34765625,44,315473861.9214861
HookeJeeves,250,2,0.010948657989501953,161.34765625,16,303883121.2370143
Weiszfeld1,250,2,0.00357818603515625,161.34765625,140,303883121.2370143
Descenso,250,2,0.024060964584350586,161.34765625,48,303883121.23701435
HookeJeeves,250,3,0.013284921646118164,161.34765625,20,300424577.50529796
Weiszfeld1,250,3,0.003301382064819336,161.34765625,136,300424577.505298
Descenso,250,3,0.015118122100830078,161.34765625,44,300424577.50529796
HookeJeeves,250,4,0.056003570556640625,161.34765625,60,288968875.90211403
Weiszfeld1,250,4,0.0034134387969970703,161.34765625,140,288968875.90211403
Descenso,250,4,0.018112659454345703,161.34765625,48,288968875.90211403
HookeJeeves,250,5,0.028777360916137695,161.34765625,33,285150036.37314546
Weiszfeld1,250,5,0.0029675960540771484,161.34765625,116,285150036.37314546
Descenso,250,5,0.016933917999267578,161.34765625,44,285150036.37314546
HookeJeeves,250,6,0.011045455932617188,161.34765625,16,293092449.3088372
Weiszfeld1,250,6,0.0037505626678466797,161.34765625,152,293092449.3088373
Descenso,250,6,0.024510860443115234,161.34765625,51,293092449.3088372
HookeJeeves,250,7,0.014278411865234375,161.34765625,24,326150041.35686415
Weiszfeld1,250,7,0.003816366195678711,161.34765625,128,326150041.3568642
Descenso,250,7,0.02087569236755371,161.34765625,56,326150041.3568642
HookeJeeves,250,8,0.06988859176635742,161.34765625,72,295772410.8888855
Weiszfeld1,250,8,0.003551006317138672,161.34765625,144,295772410.8888855
Descenso,250,8,0.023905515670776367,161.34765625,48,295772410.8888856
HookeJeeves,250,9,0.01645946502685547,161.34765625,28,321861942.69774586
Weiszfeld1,250,9,0.0034584999084472656,161.34765625,136,321861942.6977459
Descenso,250,9,0.022671937942504883,161.34765625,45,321861942.69774604
HookeJeeves,250,10,0.027011871337890625,161.34765625,27,288870791.76240337
Weiszfeld1,250,10,0.003092050552368164,161.34765625,124,288870791.76240337
Descenso,250,10,0.023679733276367188,161.34765625,42,288870791.76240337
HookeJeeves,250,11,0.014484167098999023,161.34765625,24,286666952.81033534
Weiszfeld1,250,11,0.003958940505981445,161.34765625,144,286666952.8103354
Descenso,250,11,0.024833202362060547,161.34765625,48,286666952.8103354
HookeJeeves,250,12,0.016486167907714844,161.34765625,28,301602540.4645681
Weiszfeld1,250,12,0.003415822982788086,161.34765625,132,301602540.46456814
Descenso,250,12,0.017514705657958984,161.34765625,44,301602540.46456814
HookeJeeves,250,13,0.019522905349731445,161.34765625,28,293436639.0349099
Weiszfeld1,250,13,0.0039060115814208984,161.34765625,132,293436639.03490996
Descenso,250,13,0.020593643188476562,161.34765625,36,293436639.03490996
HookeJeeves,250,14,0.022729158401489258,161.34765625,24,335845942.05925465
Weiszfeld1,250,14,0.003267526626586914,161.34765625,132,335845942.0592547
Descenso,250,14,0.02139425277709961,161.34765625,42,335845942.0592548
HookeJeeves,250,15,0.01040029525756836,161.34765625,20,301747362.69700086
Weiszfeld1,250,15,0.0032303333282470703,161.34765625,128,301747362.69700086
Descenso,250,15,0.01773548126220703,161.34765625,40,301747362.69700086
HookeJeeves,250,16,0.022185325622558594,161.34765625,27,264639127.062655
Weiszfeld1,250,16,0.003885984420776367,161.34765625,140,264639127.06265503
Descenso,250,16,0.02193593978881836,161.34765625,45,264639127.06265503
HookeJeeves,250,17,0.019132614135742188,161.34765625,28,297508274.1368792
Weiszfeld1,250,17,0.003757476806640625,161.34765625,136,297508274.1368792
Descenso,250,17,0.03683829307556152,161.34765625,69,297508274.1368792
HookeJeeves,250,18,0.02080368995666504,161.34765625,24,279505511.26248455
Weiszfeld1,250,18,0.0034317970275878906,161.34765625,128,279505511.26248455
Descenso,250,18,0.0229794979095459,161.34765625,45,279505511.2624846
HookeJeeves,250,19,0.01772618293762207,161.34765625,24,300926134.54853565
Weiszfeld1,250,19,0.003503561019897461,161.34765625,132,300926134.54853565
Descenso,250,19,0.022314071655273438,161.34765625,45,300926134.5485357
HookeJeeves,250,20,0.01653289794921875,161.34765625,24,282023077.4989505
Weiszfeld1,250,20,0.0037653446197509766,161.34765625,136,282023077.4989506
Descenso,250,20,0.01738762855529785,161.34765625,48,282023077.49895054
HookeJeeves,250,21,0.026681900024414062,161.34765625,30,271815576.4445424
Weiszfeld1,250,21,0.004235982894897461,161.34765625,120,271815576.4445424
Descenso,250,21,0.018763065338134766,161.34765625,48,271815576.4445424
HookeJeeves,250,22,0.04157710075378418,161.34765625,45,303856051.88817966
Weiszfeld1,250,22,0.01926898956298828,161.34765625,561,303856051.8881797
Descenso,250,22,0.05026054382324219,161.34765625,93,303856051.88818
HookeJeeves,250,23,0.02097177505493164,161.34765625,27,313039853.2022549
Weiszfeld1,250,23,0.0051975250244140625,161.34765625,204,313039853.20225495
Descenso,250,23,0.026768207550048828,161.34765625,54,313039853.202255
HookeJeeves,250,24,0.03621411323547363,161.34765625,39,292358196.4939629
Weiszfeld1,250,24,0.003556489944458008,161.34765625,124,292358196.4939629
Descenso,250,24,0.02392411231994629,161.34765625,48,292358196.49396294
HookeJeeves,250,25,0.020093202590942383,161.34765625,28,306765372.2695327
Weiszfeld1,250,25,0.003445148468017578,161.34765625,136,306765372.2695328
Descenso,250,25,0.01549839973449707,161.34765625,40,306765372.2695328
HookeJeeves,250,26,0.01757335662841797,161.34765625,28,287999682.5812322
Weiszfeld1,250,26,0.0037050247192382812,161.34765625,136,287999682.58123225
Descenso,250,26,0.013790369033813477,161.34765625,36,287999682.5812327
HookeJeeves,250,27,0.01889944076538086,161.34765625,32,293214091.12082857
Weiszfeld1,250,27,0.003581523895263672,161.34765625,148,293214091.1208286
Descenso,250,27,0.022126197814941406,161.34765625,39,293214091.1208288
HookeJeeves,250,28,0.030147552490234375,161.34765625,36,290079180.0973365
Weiszfeld1,250,28,0.003948688507080078,161.34765625,152,290079180.09733653
Descenso,250,28,0.022783517837524414,161.34765625,42,290079180.09733653
HookeJeeves,250,29,0.022508859634399414,161.34765625,27,279601811.41152704
Weiszfeld1,250,29,0.002957582473754883,161.34765625,120,279601811.41152704
Descenso,250,29,0.01881241798400879,161.34765625,48,279601811.41152704
HookeJeeves,250,30,0.02082967758178711,161.34765625,24,311502790.6982469
Weiszfeld1,250,30,0.004261493682861328,161.34765625,136,311502790.6982469
Descenso,250,30,0.020313501358032227,161.34765625,52,311502790.69824696
HookeJeeves,500,1,0.013586997985839844,161.34765625,16,2270320985.939158
Weiszfeld1,500,1,0.004397392272949219,161.34765625,148,2270320985.9391584
Descenso,500,1,0.14082622528076172,167.05859375,45,2270320985.9391584
HookeJeeves,500,2,0.01915597915649414,161.5078125,28,2280537735.481458
Weiszfeld1,500,2,0.0037620067596435547,161.5078125,116,2280537735.4814577
Descenso,500,2,0.12204813957214355,167.19140625,39,2280537735.4814587
HookeJeeves,500,3,0.015933752059936523,161.50390625,24,2520055453.091542
Weiszfeld1,500,3,0.004618406295776367,161.50390625,136,2520055453.0915422
Descenso,500,3,0.1299426555633545,167.1484375,42,2520055453.0915422
HookeJeeves,500,4,0.039571285247802734,161.48828125,33,2342035389.2306795
Weiszfeld1,500,4,0.003837108612060547,161.48828125,128,2342035389.2306795
Descenso,500,4,0.11897921562194824,167.18359375,39,2342035389.2306795
HookeJeeves,500,5,0.029482603073120117,161.55078125,24,2408194463.367284
Weiszfeld1,500,5,0.004144430160522461,161.55078125,136,2408194463.367285
Descenso,500,5,0.1070408821105957,167.125,33,2408194463.367285
HookeJeeves,500,6,0.02964639663696289,161.56640625,21,2380242570.1611004
Weiszfeld1,500,6,0.004650592803955078,161.56640625,120,2380242570.1611013
Descenso,500,6,0.11402440071105957,167.1484375,36,2380242570.1611013
HookeJeeves,500,7,0.13412714004516602,161.59765625,105,2384840416.303154
Weiszfeld1,500,7,0.0041315555572509766,161.59765625,128,2384840416.303154
Descenso,500,7,0.1031489372253418,167.1953125,33,2384840416.303154
HookeJeeves,500,8,0.047316551208496094,161.5234375,39,2347693597.3533707
Weiszfeld1,500,8,0.003887176513671875,161.5234375,128,2347693597.3533707
Descenso,500,8,0.14687132835388184,167.23828125,39,2347693597.353371
HookeJeeves,500,9,0.06760144233703613,161.50390625,33,2395356356.8264384
Weiszfeld1,500,9,0.004720211029052734,161.50390625,144,2395356356.826439
Descenso,500,9,0.1342775821685791,166.28125,24,2395356356.826439
HookeJeeves,500,10,0.01152181625366211,161.46875,16,2411179261.352731
Weiszfeld1,500,10,0.006726980209350586,161.46875,160,2411179261.3527317
Descenso,500,10,0.16481447219848633,167.09375,34,2411179261.3527317
HookeJeeves,500,11,0.013397455215454102,161.48046875,16,2455635622.10389
Weiszfeld1,500,11,0.003917694091796875,161.48046875,124,2455635622.1038904
Descenso,500,11,0.12736225128173828,167.109375,42,2455635622.1038904
HookeJeeves,500,12,0.04091620445251465,161.4296875,36,2270249045.5622215
Weiszfeld1,500,12,0.004108428955078125,161.4296875,136,2270249045.562222
Descenso,500,12,0.1182396411895752,167.2734375,36,2270249045.562222
HookeJeeves,500,13,0.0733785629272461,161.6015625,27,2295017571.6863103
Weiszfeld1,500,13,0.004854679107666016,161.6015625,124,2295017571.686311
Descenso,500,13,0.1986081600189209,167.29296875,33,2295017571.686311
HookeJeeves,500,14,0.01599740982055664,161.41015625,20,2370727293.2526693
Weiszfeld1,500,14,0.006738901138305664,161.41015625,128,2370727293.2526703
Descenso,500,14,0.17227768898010254,167.140625,32,2370727293.25267
HookeJeeves,500,15,0.022031784057617188,161.66015625,21,2420214585.0928345
Weiszfeld1,500,15,0.00439453125,161.66015625,132,2420214585.0928345
Descenso,500,15,0.14455342292785645,167.09375,36,2420214585.0928345
HookeJeeves,500,16,0.023688316345214844,161.57421875,21,2388620871.9941635
Weiszfeld1,500,16,0.004675626754760742,161.57421875,120,2388620871.9941635
Descenso,500,16,0.19276165962219238,167.1328125,36,2388620871.9941645
HookeJeeves,500,17,0.03585028648376465,161.50390625,18,2431413469.5857415
Weiszfeld1,500,17,0.00402069091796875,161.50390625,132,2431413469.585742
Descenso,500,17,0.14211630821228027,167.05859375,24,2431413469.5857434
HookeJeeves,500,18,0.010181665420532227,161.453125,16,2481190705.552771
Weiszfeld1,500,18,0.0051953792572021484,161.453125,124,2481190705.5527716
Descenso,500,18,0.17520999908447266,167.22265625,33,2481190705.5527716
HookeJeeves,500,19,0.047461748123168945,161.55859375,24,2399283951.4461117
Weiszfeld1,500,19,0.0044667720794677734,161.55859375,140,2399283951.446112
Descenso,500,19,0.1980745792388916,167.203125,30,2399283951.446112
HookeJeeves,500,20,0.0348663330078125,161.66015625,27,2584306562.4561434
Weiszfeld1,500,20,0.0042002201080322266,161.66015625,132,2584306562.4561434
Descenso,500,20,0.1484050750732422,167.109375,42,2584306562.456144
HookeJeeves,500,21,0.023969173431396484,161.5,24,2394588794.617004
Weiszfeld1,500,21,0.003943920135498047,161.5,132,2394588794.6170044
Descenso,500,21,0.1435694694519043,167.1328125,45,2394588794.617005
HookeJeeves,500,22,0.06879425048828125,161.3984375,48,2255997143.221265
Weiszfeld1,500,22,0.0062181949615478516,161.3984375,136,2255997143.221266
Descenso,500,22,0.13316679000854492,167.17578125,36,2255997143.221266
HookeJeeves,500,23,0.06519079208374023,161.59765625,48,2329172209.738899
Weiszfeld1,500,23,0.004678249359130859,161.59765625,124,2329172209.7388997
Descenso,500,23,0.14270997047424316,167.12890625,42,2329172209.7388997
HookeJeeves,500,24,0.023038864135742188,161.4921875,21,2347813935.451315
Weiszfeld1,500,24,0.005747556686401367,161.4921875,144,2347813935.451315
Descenso,500,24,0.12859296798706055,167.16796875,39,2347813935.451315
HookeJeeves,500,25,0.04020190238952637,161.64453125,27,2300672411.715053
Weiszfeld1,500,25,0.005331516265869141,161.64453125,132,2300672411.7150536
Descenso,500,25,0.11152195930480957,167.19921875,36,2300672411.715054
HookeJeeves,500,26,0.016303300857543945,161.64453125,20,2405730075.3369718
Weiszfeld1,500,26,0.004860639572143555,161.64453125,128,2405730075.3369718
Descenso,500,26,0.14495468139648438,167.18359375,39,2405730075.336972
HookeJeeves,500,27,0.027781009674072266,161.61328125,21,2443195409.727749
Weiszfeld1,500,27,0.00495600700378418,161.61328125,128,2443195409.727749
Descenso,500,27,0.14075899124145508,167.20703125,36,2443195409.72775
HookeJeeves,500,28,0.021980762481689453,161.578125,21,2348856057.260622
Weiszfeld1,500,28,0.0044019222259521484,161.578125,144,2348856057.2606225
Descenso,500,28,0.24564671516418457,167.234375,42,2348856057.2606225
HookeJeeves,500,29,0.030758142471313477,161.45703125,24,2427005507.9216456
Weiszfeld1,500,29,0.004221916198730469,161.45703125,124,2427005507.9216456
Descenso,500,29,0.13220453262329102,167.1796875,36,2427005507.921646
HookeJeeves,500,30,0.02028799057006836,161.5625,20,2431610385.2688866
Weiszfeld1,500,30,0.003880739212036133,161.5625,124,2431610385.2688875
Descenso,500,30,0.14449429512023926,167.15234375,39,2431610385.268887
HookeJeeves,1000,1,0.0581512451171875,161.5546875,27,18950393613.461235
Weiszfeld1,1000,1,0.006505489349365234,161.5546875,132,18950393613.461235
Descenso,1000,1,0.6557300090789795,186.07421875,24,18950393613.461243
HookeJeeves,1000,2,0.15506958961486816,164.76171875,54,19579878780.00199
Weiszfeld1,1000,2,0.006148099899291992,164.76171875,140,19579878780.00199
Descenso,1000,2,0.637218713760376,186.0703125,26,19579878780.001995
HookeJeeves,1000,3,0.04474949836730957,164.70703125,24,19434418178.79908
Weiszfeld1,1000,3,0.008547544479370117,164.70703125,132,19434418178.79908
Descenso,1000,3,0.5413451194763184,186.07421875,26,19434418178.799084
HookeJeeves,1000,4,0.1912696361541748,164.83203125,78,18737339683.54825
Weiszfeld1,1000,4,0.005991935729980469,164.83203125,136,18737339683.54825
Descenso,1000,4,0.6095578670501709,186.0703125,26,18737339683.548252
HookeJeeves,1000,5,0.017517566680908203,164.8046875,16,18497151796.097736
Weiszfeld1,1000,5,0.0073909759521484375,164.8046875,144,18497151796.09774
Descenso,1000,5,0.5754191875457764,186.13671875,22,18497151796.097744
HookeJeeves,1000,6,0.06498336791992188,164.84765625,33,18985713801.909805
Weiszfeld1,1000,6,0.006618499755859375,164.84765625,136,18985713801.909805
Descenso,1000,6,0.4297001361846924,186.09765625,20,18985713801.909805
HookeJeeves,1000,7,0.027667760848999023,164.84765625,18,18297376783.98668
Weiszfeld1,1000,7,0.007112741470336914,164.84765625,136,18297376783.986683
Descenso,1000,7,0.7831802368164062,186.05078125,26,18297376783.986687
HookeJeeves,1000,8,0.05275607109069824,164.87890625,30,19590034333.583977
Weiszfeld1,1000,8,0.006686210632324219,164.87890625,136,19590034333.583977
Descenso,1000,8,0.7343859672546387,186.08203125,20,19590034333.583984
HookeJeeves,1000,9,0.042077064514160156,164.90234375,15,18910523789.46221
Weiszfeld1,1000,9,0.005966663360595703,164.90234375,120,18910523789.462215
Descenso,1000,9,1.2493140697479248,186.09375,32,18910523789.462223
HookeJeeves,1000,10,0.04477334022521973,164.890625,27,19426048117.854004
Weiszfeld1,1000,10,0.006371259689331055,164.890625,132,19426048117.854004
Descenso,1000,10,0.7698826789855957,186.109375,34,19426048117.854004
HookeJeeves,1000,11,0.08322477340698242,164.609375,48,18617563733.98134
Weiszfeld1,1000,11,0.007021665573120117,164.609375,136,18617563733.98134
Descenso,1000,11,0.5729670524597168,186.0859375,28,18617563733.98134
HookeJeeves,1000,12,0.03558921813964844,164.68359375,21,19934619722.933666
Weiszfeld1,1000,12,0.006986141204833984,164.68359375,144,19934619722.93367
Descenso,1000,12,0.6193838119506836,186.1171875,30,19934619722.93367
HookeJeeves,1000,13,0.0985875129699707,164.8046875,54,18855480554.6353
Weiszfeld1,1000,13,0.006513833999633789,164.8046875,144,18855480554.6353
Descenso,1000,13,0.5878653526306152,186.07421875,28,18855480554.6353
HookeJeeves,1000,14,0.05174899101257324,164.7109375,27,19497187268.80729
Weiszfeld1,1000,14,0.0064830780029296875,164.7109375,132,19497187268.807293
Descenso,1000,14,0.7334256172180176,186.109375,26,19497187268.807297
HookeJeeves,1000,15,0.032485246658325195,164.7890625,18,19095394280.713238
Weiszfeld1,1000,15,0.0064923763275146484,164.7890625,132,19095394280.71324
Descenso,1000,15,0.48149776458740234,186.04296875,20,19095394280.71324
HookeJeeves,1000,16,0.17226481437683105,164.72265625,69,20043859172.304893
Weiszfeld1,1000,16,0.005305767059326172,164.72265625,124,20043859172.304893
Descenso,1000,16,0.7299115657806396,186.1171875,20,20043859172.304893
HookeJeeves,1000,17,0.04860115051269531,164.703125,24,19293848715.25798
Weiszfeld1,1000,17,0.013057231903076172,164.703125,112,19293848715.257988
Descenso,1000,17,0.437422513961792,186.078125,20,19293848715.257988
HookeJeeves,1000,18,0.048313140869140625,164.76171875,15,19106509578.334618
Weiszfeld1,1000,18,0.012868642807006836,164.76171875,132,19106509578.33462
Descenso,1000,18,0.6573944091796875,186.0859375,24,19106509578.33463
HookeJeeves,1000,19,0.026818037033081055,164.65625,15,18721570602.09536
Weiszfeld1,1000,19,0.005807638168334961,164.65625,116,18721570602.09536
Descenso,1000,19,0.4490175247192383,186.05078125,22,18721570602.09536
HookeJeeves,1000,20,0.04548072814941406,164.71484375,24,18559209102.01288
Weiszfeld1,1000,20,0.006007671356201172,164.71484375,132,18559209102.012882
Descenso,1000,20,0.5492849349975586,186.1171875,26,18559209102.01288
HookeJeeves,1000,21,0.05025434494018555,164.8046875,21,19353703935.901207
Weiszfeld1,1000,21,0.006193399429321289,164.8046875,128,19353703935.901207
Descenso,1000,21,0.44031405448913574,186.09765625,18,19353703935.90121
HookeJeeves,1000,22,0.021726608276367188,164.71875,15,19009667075.29121
Weiszfeld1,1000,22,0.006031036376953125,164.71875,120,19009667075.291214
Descenso,1000,22,0.4133906364440918,186.09375,20,19009667075.291214
HookeJeeves,1000,23,0.14694428443908691,164.76171875,75,19624918563.040516
Weiszfeld1,1000,23,0.006947755813598633,164.76171875,128,19624918563.04052
Descenso,1000,23,0.3992960453033447,186.03125,20,19624918563.04052
HookeJeeves,1000,24,0.043320655822753906,164.7421875,27,18736823225.70914
Weiszfeld1,1000,24,0.008227109909057617,164.7421875,140,18736823225.709145
Descenso,1000,24,0.4767165184020996,186.11328125,22,18736823225.709145
HookeJeeves,1000,25,0.03144192695617676,164.84765625,15,19318365257.890354
Weiszfeld1,1000,25,0.006389617919921875,164.84765625,128,19318365257.890358
Descenso,1000,25,0.5123729705810547,186.2265625,24,19318365257.890358
HookeJeeves,1000,26,0.10821199417114258,164.96484375,48,19754454415.28225
Weiszfeld1,1000,26,0.006279706954956055,164.96484375,140,19754454415.282253
Descenso,1000,26,0.5734753608703613,186.2578125,28,19754454415.28225
HookeJeeves,1000,27,0.024651765823364258,164.98046875,15,19389605789.424007
Weiszfeld1,1000,27,0.005925416946411133,164.98046875,128,19389605789.42401
Descenso,1000,27,0.375455379486084,186.10546875,18,19389605789.42401
HookeJeeves,1000,28,0.04771685600280762,164.96484375,24,18887660164.00228
Weiszfeld1,1000,28,0.00559687614440918,164.96484375,128,18887660164.00228
Descenso,1000,28,0.37652587890625,186.1328125,18,18887660164.002293
HookeJeeves,1000,29,0.03240633010864258,164.8671875,18,18703822285.369053
Weiszfeld1,1000,29,0.008884429931640625,164.8671875,136,18703822285.369057
Descenso,1000,29,0.49213480949401855,186.265625,24,18703822285.369053
HookeJeeves,1000,30,0.07149839401245117,164.9609375,39,19275676167.693085
Weiszfeld1,1000,30,0.009886503219604492,164.9609375,140,19275676167.693085
Descenso,1000,30,0.47646450996398926,186.21875,22,19275676167.69309
